[{"model": "cleaning.service", "pk": 1, "fields": {"title": "Поддерживающая уборка", "short_title": "Поддерживающая", "slug": "podderzhivayuschaya-uborka", "description": "Поддержание чистоты и порядка вашего помещения", "banner": "cleaning/services/1/banner.webp", "base_price": "3200.00"}}, {"model": "cleaning.service", "pk": 2, "fields": {"title": "Генеральная уборка", "short_title": "Генеральная", "slug": "generalnaya-uborka", "description": "Полное и тщательное очищение вашего помещения", "banner": "cleaning/services/2/banner.webp", "base_price": "5400.00"}}, {"model": "cleaning.service", "pk": 3, "fields": {"title": "Уборка после ремонта", "short_title": "После ремонта", "slug": "uborka-posle-remonta", "description": "Команда клинеров поставит точку в ремонте и удалит строительную пыль", "banner": "cleaning/services/3/banner.webp", "base_price": "6450.00"}}, {"model": "cleaning.place", "pk": 1, "fields": {"title": "Вся квартира"}}, {"model": "cleaning.place", "pk": 2, "fields": {"title": "Кухня"}}, {"model": "cleaning.place", "pk": 3, "fields": {"title": "Ванная и туалет"}}, {"model": "cleaning.option", "pk": 1, "fields": {"title": "Помыть пол", "description": "Клинер сделает сухую и влажную уборку пола, а также помоет плинтусы.", "type": "Switch", "unit": null}}, {"model": "cleaning.option", "pk": 2, "fields": {"title": "Почистить ковёр", "description": "Клинер почистит вашим пылесосом любые ковровые покрытия. Если пылесоса нет, клинер сделает чистку своим инвентарём.", "type": "Quantitative", "unit": "шт"}}, {"model": "cleaning.option", "pk": 3, "fields": {"title": "Почистить мебель", "description": "Клинер почистит мягкую мебель вашим пылесосом со специальной насадкой. Если пылесоса нет и это безопасно для поверхности, клинер сделает сухую или влажную чистку своим инвентарём.", "type": "Quantitative", "unit": "шт"}}, {"model": "cleaning.option", "pk": 4, "fields": {"title": "Протереть пыль", "description": "Клинер протрёт пыль со всех вертикальных и горизонтальных поверхностей, а также предметов интерьера: техника, настольные и настенные светильники, столы и стулья, выключатели и розетки. Помоет подоконники, батареи, двери и ручки. На кухне помоет вытяжки, фасадов шкафов, полок, холодильника и другой бытовой техники в открытом доступе. В ванной помоет плитку и полотенцесушитель.", "type": "Switch", "unit": null}}, {"model": "cleaning.option", "pk": 5, "fields": {"title": "Помыть зеркала", "description": "Клинер помоет и натрёт до блеска все зеркала в квартире.", "type": "Quantitative", "unit": "шт"}}, {"model": "cleaning.option", "pk": 6, "fields": {"title": "Застелить постель", "description": "Клинер аккуратно заправит кровать и заменит постельное бельё, если вы оставите на кровати чистый комплект.", "type": "Switch", "unit": null}}, {"model": "cleaning.option", "pk": 7, "fields": {"title": "Сложить вещи", "description": "Клинер соберёт и аккауратно сложит вещи в комнатах. В прихожей развесит вещи и расставит обувь. В ванной сложит полотенца, расставит косметические и моющие средства.", "type": "Switch", "unit": null}}, {"model": "cleaning.option", "pk": 8, "fields": {"title": "Вынести мусор", "description": "Клинер соберёт мусор во всей квартире и вынесет. Если вы занимаетесь раздельным сбором мусора, сообщите нам об этом заранее.", "type": "Switch", "unit": null}}, {"model": "cleaning.option", "pk": 9, "fields": {"title": "Помыть окно", "description": "Клинер помоет окна, рамы, откосы и подоконники. Цена за одно окно — окна считаются по проёмам в стене.", "type": "Quantitative", "unit": "шт"}}, {"model": "cleaning.option", "pk": 10, "fields": {"title": "Помыть балконное остекление", "description": "Клинер помоет балконное остекление, рамы, откосы и подоконники.", "type": "Quantitative", "unit": "шт"}}, {"model": "cleaning.option", "pk": 11, "fields": {"title": "Убрать балкон", "description": "Клинер помоет подоконник, пол и плинтусы. Протрёт пыль со всех доступных поверхностей и стен, если это безопасно для них. Цена за один балкон.", "type": "Quantitative", "unit": "шт"}}, {"model": "cleaning.option", "pk": 12, "fields": {"title": "Погладить вещи", "description": "Клинер тщательно погладит одежду и бельё, если вы оставите их на гладильной доске.", "type": "Quantitative", "unit": "час"}}, {"model": "cleaning.option", "pk": 13, "fields": {"title": "Убраться в гардеробной", "description": "Клинер помоет полы и плинтусы в гардеробной комнате, а также аккуратно сложит вещи и расставит обувь. Протрёт пыль с полок и всех доступных поверхностей.", "type": "Switch", "unit": null}}, {"model": "cleaning.option", "pk": 14, "fields": {"title": "Помыть люстру", "description": "Клинер помоет люстру или светильник на потолке, если вы подготовите стремянку. Цена за одну люстру/светильник.", "type": "Quantitative", "unit": "шт"}}, {"model": "cleaning.option", "pk": 15, "fields": {"title": "Убрать что-то ещё", "description": "Клинер уберет то, что не входит в базовый регламент. Например помоет шкафы изнутри, развесит вещи после стирки, или выполнит другую работу по вашему желанию.", "type": "Quantitative", "unit": "час"}}, {"model": "cleaning.option", "pk": 16, "fields": {"title": "Помыть раковину", "description": "Клинер помоет раковину, смеситель и кафельную плитку вокруг.", "type": "Quantitative", "unit": "шт"}}, {"model": "cleaning.option", "pk": 17, "fields": {"title": "Помыть столешницу", "description": "Клинер помоет столешницу и кухонный фартук.", "type": "Switch", "unit": null}}, {"model": "cleaning.option", "pk": 18, "fields": {"title": "Помыть плиту", "description": "Клинер помоет плиту, включая решётку, ручки и фасад.", "type": "Switch", "unit": "шт"}}, {"model": "cleaning.option", "pk": 19, "fields": {"title": "Помыть обеденный стол", "description": "Клинер помоет обеденный стол, включая столешницу и ножки.", "type": "Quantitative", "unit": "шт"}}, {"model": "cleaning.option", "pk": 20, "fields": {"title": "Помыть холодильник", "description": "Клинер помоет холодильник и морозилку изнутри, включая все стенки и полки, если вы заранее её разморозили. Также клинер может выбросить все испорченные продукты по согласованию с вами.", "type": "Quantitative", "unit": "шт"}}, {"model": "cleaning.option", "pk": 21, "fields": {"title": "Помыть духовку", "description": "Клинер помоет духовку изнутри, включая поддон, все стенки и дверцы.", "type": "Quantitative", "unit": "шт"}}, {"model": "cleaning.option", "pk": 22, "fields": {"title": "Помыть микроволновку", "description": "Клинер помоет микроволновку изнутри, включая поддон, все стенки и дверцы.", "type": "Quantitative", "unit": "шт"}}, {"model": "cleaning.option", "pk": 23, "fields": {"title": "Помыть кухонный гарнитур", "description": "Клинер помоет кухонные шкафы изнутри, включая все стенки и полки. Также клинер может выбросить все испорченные продукты по согласованию с вами.", "type": "Switch", "unit": null}}, {"model": "cleaning.option", "pk": 24, "fields": {"title": "Помыть ванну или душевую", "description": "Клинер помоет ванну или душевую кабину, а также кафельную плитку вокруг.", "type": "Quantitative", "unit": "шт"}}, {"model": "cleaning.option", "pk": 25, "fields": {"title": "Помыть унитаз", "description": "Клинер помоет и продезинфицирует унитаз, а также кафельную плитку вокруг.", "type": "Quantitative", "unit": "шт"}}, {"model": "cleaning.option", "pk": 26, "fields": {"title": "Помыть биде", "description": "Клинер помоет и продезинфицирует биде, а также кафельную плитку вокруг.", "type": "Quantitative", "unit": "шт"}}, {"model": "cleaning.option", "pk": 27, "fields": {"title": "Помыть лоток", "description": "Клинер выбросит старый наполнитель, помоет лоток и пол вокруг него, и наполнит свежим наполнителем, если вы оставите его рядом.", "type": "Quantitative", "unit": "шт"}}, {"model": "cleaning.option", "pk": 28, "fields": {"title": "Обеспылить стены и потолок", "description": "Клинер проведет сухую уборку стен и потолка, если он не натяжной. Максимальная высота - 3 м.", "type": "Switch", "unit": null}}, {"model": "cleaning.option", "pk": 29, "fields": {"title": "Устранить локальные загрязнения на стенах", "description": "Клинер очистит от локальных загрязнений стены до 3-х метров в высоту.", "type": "Switch", "unit": null}}, {"model": "cleaning.option", "pk": 30, "fields": {"title": "Устранить загрязнения на всех поверхностях", "description": "Клинер протрёт пыль и очистит все вертикальные и горизонтальные поверхности, столы и стулья, выключатели и розетки. Помоет подоконники, карнизы, батареи, дверные блоки и ручки.", "type": "Switch", "unit": null}}, {"model": "cleaning.option", "pk": 31, "fields": {"title": "Помыть место хранения мусора и вынести бытовой", "description": "Клинер помоет мусорные корзины и место хранения мусора изнутри и снаружи, заменит мусорные пакеты и вынесет бытовой мусор объёмом до 120 л на каждого исполнителя.", "type": "Switch", "unit": null}}, {"model": "cleaning.option", "pk": 32, "fields": {"title": "Очистить кондиционер и другую технику", "description": "Клинер обеспылит корпус внутреннего блока кондиционера и бытовую технику снаружи на высоте до 3-х метров.", "type": "Quantitative", "unit": "шт"}}, {"model": "cleaning.option", "pk": 33, "fields": {"title": "Помыть входную и межкомнатные двери", "description": "Клинер сделает сухую и влажную уборку входной и межкомнатных дверей.", "type": "Quantitative", "unit": "шт"}}, {"model": "cleaning.option", "pk": 34, "fields": {"title": "Помыть сложное окно", "description": "Клинер помоет остекление, рамы, откосы и подоконники на высоту до 3-х метров. Цена за одно окно — окна считаются по проёмам в стене. Сложным окном считается витражное, многосекционное или с двойными рамами.", "type": "Quantitative", "unit": "шт"}}, {"model": "cleaning.option", "pk": 35, "fields": {"title": "Устранить следы ржавчины и известкового налета", "description": "Клинер воспользуется профессиональными средствами или пароочистителем, чтобы устранить сложные загрязнения.", "type": "Switch", "unit": null}}, {"model": "cleaning.option", "pk": 36, "fields": {"title": "Помыть посуду", "description": "Клинер помоет грязную посуду в раковине.", "type": "Switch", "unit": null}}, {"model": "cleaning.option", "pk": 37, "fields": {"title": "Помыть вытяжку", "description": "Клинер помоет вытяжку от жира, нагара и прочих загрязнений.", "type": "Quantitative", "unit": "шт"}}, {"model": "cleaning.option", "pk": 38, "fields": {"title": "Помыть заполненные шкафы изнутри", "description": "Клинер освободит кухонные шкафы, помоет их изнутри и расставит всё обратно. По согласованию с вами клинер выбросит испорченные продукты.", "type": "Switch", "unit": null}}, {"model": "cleaning.option", "pk": 39, "fields": {"title": "Помыть кафельную плитку и очистить швы", "description": "Клинер помоет кафельный пол и стены высотой до 3-х м, очистит межплиточные швы и устранит локальные загрязнения.", "type": "Switch", "unit": null}}, {"model": "cleaning.option", "pk": 40, "fields": {"title": "Обеспылить потолок", "description": "Клинер проведет сухую уборку потолка высотой до 3-х метров, если он не натяжной.", "type": "Switch", "unit": null}}, {"model": "cleaning.option", "pk": 41, "fields": {"title": "Помыть реечный потолок", "description": "Клинер помоет реечный потолок высотой до 3-х м.", "type": "Switch", "unit": null}}, {"model": "cleaning.option", "pk": 42, "fields": {"title": "Убрать строительные загрязнения", "description": "Клинер устранит строительные загрязнения: следы краски, клея, скотча, цемента и т. д.", "type": "Switch", "unit": null}}, {"model": "cleaning.option", "pk": 43, "fields": {"title": "Обработать пароочистителем сложные загрязнения", "description": "Клинер воспользуется пароочистителем, чтобы удалить сложные загрязнения и провести уборку на твердых поверхностях. А также удалит следы скотча на рамах и подоконниках.", "type": "Switch", "unit": null}}, {"model": "cleaning.serviceplace", "pk": 1, "fields": {"service": 1, "place": 1, "thumbnail": "cleaning/services/1/places/vsya-kvartira.webp"}}, {"model": "cleaning.serviceplace", "pk": 2, "fields": {"service": 1, "place": 2, "thumbnail": "cleaning/services/1/places/kuhnya.webp"}}, {"model": "cleaning.serviceplace", "pk": 3, "fields": {"service": 1, "place": 3, "thumbnail": "cleaning/services/1/places/vannaya-i-tualet.webp"}}, {"model": "cleaning.serviceplace", "pk": 4, "fields": {"service": 2, "place": 1, "thumbnail": "cleaning/services/2/places/vsya-kvartira.webp"}}, {"model": "cleaning.serviceplace", "pk": 5, "fields": {"service": 2, "place": 2, "thumbnail": "cleaning/services/2/places/kuhnya.webp"}}, {"model": "cleaning.serviceplace", "pk": 6, "fields": {"service": 2, "place": 3, "thumbnail": "cleaning/services/2/places/vannaya-i-tualet.webp"}}, {"model": "cleaning.serviceplace", "pk": 7, "fields": {"service": 3, "place": 1, "thumbnail": "cleaning/services/3/places/vsya-kvartira.webp"}}, {"model": "cleaning.serviceplace", "pk": 12, "fields": {"service": 3, "place": 2, "thumbnail": "cleaning/services/3/places/kuhnya.webp"}}, {"model": "cleaning.serviceplace", "pk": 13, "fields": {"service": 3, "place": 3, "thumbnail": "cleaning/services/3/places/vannaya-i-tualet.webp"}}, {"model": "cleaning.serviceoption", "pk": 1, "fields": {"service": 1, "option": 1, "place": 1, "price": "200.00", "is_included": true}}, {"model": "cleaning.serviceoption", "pk": 2, "fields": {"service": 1, "option": 2, "place": 1, "price": "200.00", "is_included": true}}, {"model": "cleaning.serviceoption", "pk": 3, "fields": {"service": 1, "option": 3, "place": 1, "price": "200.00", "is_included": true}}, {"model": "cleaning.serviceoption", "pk": 4, "fields": {"service": 1, "option": 4, "place": 1, "price": "200.00", "is_included": true}}, {"model": "cleaning.serviceoption", "pk": 5, "fields": {"service": 1, "option": 5, "place": 1, "price": "200.00", "is_included": true}}, {"model": "cleaning.serviceoption", "pk": 6, "fields": {"service": 1, "option": 6, "place": 1, "price": "200.00", "is_included": true}}, {"model": "cleaning.serviceoption", "pk": 7, "fields": {"service": 1, "option": 7, "place": 1, "price": "200.00", "is_included": true}}, {"model": "cleaning.serviceoption", "pk": 8, "fields": {"service": 1, "option": 8, "place": 1, "price": "200.00", "is_included": true}}, {"model": "cleaning.serviceoption", "pk": 9, "fields": {"service": 1, "option": 9, "place": 1, "price": "600.00", "is_included": false}}, {"model": "cleaning.serviceoption", "pk": 10, "fields": {"service": 1, "option": 10, "place": 1, "price": "1200.00", "is_included": false}}, {"model": "cleaning.serviceoption", "pk": 11, "fields": {"service": 1, "option": 11, "place": 1, "price": "800.00", "is_included": false}}, {"model": "cleaning.serviceoption", "pk": 12, "fields": {"service": 1, "option": 12, "place": 1, "price": "600.00", "is_included": false}}, {"model": "cleaning.serviceoption", "pk": 13, "fields": {"service": 1, "option": 13, "place": 1, "price": "600.00", "is_included": false}}, {"model": "cleaning.serviceoption", "pk": 14, "fields": {"service": 1, "option": 14, "place": 1, "price": "600.00", "is_included": false}}, {"model": "cleaning.serviceoption", "pk": 15, "fields": {"service": 1, "option": 15, "place": 1, "price": "800.00", "is_included": false}}, {"model": "cleaning.serviceoption", "pk": 16, "fields": {"service": 1, "option": 16, "place": 2, "price": "200.00", "is_included": true}}, {"model": "cleaning.serviceoption", "pk": 17, "fields": {"service": 1, "option": 17, "place": 2, "price": "200.00", "is_included": true}}, {"model": "cleaning.serviceoption", "pk": 18, "fields": {"service": 1, "option": 18, "place": 2, "price": "200.00", "is_included": true}}, {"model": "cleaning.serviceoption", "pk": 19, "fields": {"service": 1, "option": 19, "place": 2, "price": "200.00", "is_included": true}}, {"model": "cleaning.serviceoption", "pk": 20, "fields": {"service": 1, "option": 20, "place": 2, "price": "500.00", "is_included": false}}, {"model": "cleaning.serviceoption", "pk": 21, "fields": {"service": 1, "option": 21, "place": 2, "price": "400.00", "is_included": false}}, {"model": "cleaning.serviceoption", "pk": 22, "fields": {"service": 1, "option": 22, "place": 2, "price": "300.00", "is_included": false}}, {"model": "cleaning.serviceoption", "pk": 23, "fields": {"service": 1, "option": 23, "place": 2, "price": "800.00", "is_included": false}}, {"model": "cleaning.serviceoption", "pk": 24, "fields": {"service": 1, "option": 24, "place": 3, "price": "200.00", "is_included": true}}, {"model": "cleaning.serviceoption", "pk": 25, "fields": {"service": 1, "option": 16, "place": 3, "price": "200.00", "is_included": true}}, {"model": "cleaning.serviceoption", "pk": 26, "fields": {"service": 1, "option": 25, "place": 3, "price": "200.00", "is_included": true}}, {"model": "cleaning.serviceoption", "pk": 27, "fields": {"service": 1, "option": 26, "place": 3, "price": "200.00", "is_included": true}}, {"model": "cleaning.serviceoption", "pk": 28, "fields": {"service": 1, "option": 27, "place": 3, "price": "300.00", "is_included": false}}, {"model": "cleaning.serviceoption", "pk": 29, "fields": {"service": 2, "option": 28, "place": 1, "price": "200.00", "is_included": true}}, {"model": "cleaning.serviceoption", "pk": 30, "fields": {"service": 2, "option": 29, "place": 1, "price": "200.00", "is_included": true}}, {"model": "cleaning.serviceoption", "pk": 31, "fields": {"service": 2, "option": 30, "place": 1, "price": "200.00", "is_included": true}}, {"model": "cleaning.serviceoption", "pk": 32, "fields": {"service": 2, "option": 31, "place": 1, "price": "200.00", "is_included": true}}, {"model": "cleaning.serviceoption", "pk": 33, "fields": {"service": 2, "option": 1, "place": 1, "price": "200.00", "is_included": true}}, {"model": "cleaning.serviceoption", "pk": 34, "fields": {"service": 2, "option": 2, "place": 1, "price": "200.00", "is_included": true}}, {"model": "cleaning.serviceoption", "pk": 35, "fields": {"service": 2, "option": 32, "place": 1, "price": "200.00", "is_included": true}}, {"model": "cleaning.serviceoption", "pk": 36, "fields": {"service": 2, "option": 5, "place": 1, "price": "200.00", "is_included": true}}, {"model": "cleaning.serviceoption", "pk": 37, "fields": {"service": 2, "option": 33, "place": 1, "price": "200.00", "is_included": true}}, {"model": "cleaning.serviceoption", "pk": 38, "fields": {"service": 2, "option": 3, "place": 1, "price": "450.00", "is_included": false}}, {"model": "cleaning.serviceoption", "pk": 39, "fields": {"service": 2, "option": 9, "place": 1, "price": "650.00", "is_included": false}}, {"model": "cleaning.serviceoption", "pk": 40, "fields": {"service": 2, "option": 34, "place": 1, "price": "1000.00", "is_included": false}}, {"model": "cleaning.serviceoption", "pk": 41, "fields": {"service": 2, "option": 10, "place": 1, "price": "1500.00", "is_included": false}}, {"model": "cleaning.serviceoption", "pk": 42, "fields": {"service": 2, "option": 12, "place": 1, "price": "800.00", "is_included": false}}, {"model": "cleaning.serviceoption", "pk": 43, "fields": {"service": 2, "option": 6, "place": 1, "price": "200.00", "is_included": true}}, {"model": "cleaning.serviceoption", "pk": 44, "fields": {"service": 2, "option": 11, "place": 1, "price": "200.00", "is_included": true}}, {"model": "cleaning.serviceoption", "pk": 45, "fields": {"service": 2, "option": 16, "place": 2, "price": "200.00", "is_included": true}}, {"model": "cleaning.serviceoption", "pk": 46, "fields": {"service": 2, "option": 17, "place": 2, "price": "200.00", "is_included": true}}, {"model": "cleaning.serviceoption", "pk": 47, "fields": {"service": 2, "option": 18, "place": 2, "price": "200.00", "is_included": true}}, {"model": "cleaning.serviceoption", "pk": 48, "fields": {"service": 2, "option": 19, "place": 2, "price": "200.00", "is_included": true}}, {"model": "cleaning.serviceoption", "pk": 49, "fields": {"service": 2, "option": 35, "place": 2, "price": "200.00", "is_included": true}}, {"model": "cleaning.serviceoption", "pk": 50, "fields": {"service": 2, "option": 23, "place": 2, "price": "200.00", "is_included": true}}, {"model": "cleaning.serviceoption", "pk": 51, "fields": {"service": 2, "option": 36, "place": 2, "price": "200.00", "is_included": true}}, {"model": "cleaning.serviceoption", "pk": 52, "fields": {"service": 2, "option": 37, "place": 2, "price": "200.00", "is_included": true}}, {"model": "cleaning.serviceoption", "pk": 53, "fields": {"service": 2, "option": 22, "place": 2, "price": "200.00", "is_included": true}}, {"model": "cleaning.serviceoption", "pk": 54, "fields": {"service": 2, "option": 20, "place": 2, "price": "500.00", "is_included": false}}, {"model": "cleaning.serviceoption", "pk": 55, "fields": {"service": 2, "option": 38, "place": 2, "price": "2000.00", "is_included": false}}, {"model": "cleaning.serviceoption", "pk": 56, "fields": {"service": 2, "option": 35, "place": 3, "price": "200.00", "is_included": true}}, {"model": "cleaning.serviceoption", "pk": 57, "fields": {"service": 2, "option": 39, "place": 3, "price": "200.00", "is_included": true}}, {"model": "cleaning.serviceoption", "pk": 58, "fields": {"service": 2, "option": 40, "place": 3, "price": "200.00", "is_included": true}}, {"model": "cleaning.serviceoption", "pk": 59, "fields": {"service": 2, "option": 24, "place": 3, "price": "200.00", "is_included": true}}, {"model": "cleaning.serviceoption", "pk": 60, "fields": {"service": 2, "option": 16, "place": 3, "price": "200.00", "is_included": true}}, {"model": "cleaning.serviceoption", "pk": 61, "fields": {"service": 2, "option": 25, "place": 3, "price": "200.00", "is_included": true}}, {"model": "cleaning.serviceoption", "pk": 62, "fields": {"service": 2, "option": 26, "place": 3, "price": "200.00", "is_included": true}}, {"model": "cleaning.serviceoption", "pk": 63, "fields": {"service": 2, "option": 41, "place": 3, "price": "500.00", "is_included": false}}, {"model": "cleaning.serviceoption", "pk": 64, "fields": {"service": 2, "option": 27, "place": 3, "price": "300.00", "is_included": false}}, {"model": "cleaning.serviceoption", "pk": 65, "fields": {"service": 3, "option": 42, "place": 1, "price": "250.00", "is_included": true}}, {"model": "cleaning.serviceoption", "pk": 66, "fields": {"service": 3, "option": 28, "place": 1, "price": "250.00", "is_included": true}}, {"model": "cleaning.serviceoption", "pk": 67, "fields": {"service": 3, "option": 43, "place": 1, "price": "250.00", "is_included": true}}, {"model": "cleaning.serviceoption", "pk": 68, "fields": {"service": 3, "option": 1, "place": 1, "price": "250.00", "is_included": true}}, {"model": "cleaning.serviceoption", "pk": 69, "fields": {"service": 3, "option": 2, "place": 1, "price": "250.00", "is_included": true}}, {"model": "cleaning.serviceoption", "pk": 70, "fields": {"service": 3, "option": 32, "place": 1, "price": "250.00", "is_included": true}}, {"model": "cleaning.serviceoption", "pk": 71, "fields": {"service": 3, "option": 5, "place": 1, "price": "250.00", "is_included": true}}, {"model": "cleaning.serviceoption", "pk": 72, "fields": {"service": 3, "option": 33, "place": 1, "price": "250.00", "is_included": true}}, {"model": "cleaning.serviceoption", "pk": 73, "fields": {"service": 3, "option": 11, "place": 1, "price": "250.00", "is_included": true}}, {"model": "cleaning.serviceoption", "pk": 74, "fields": {"service": 3, "option": 13, "place": 1, "price": "250.00", "is_included": true}}, {"model": "cleaning.serviceoption", "pk": 75, "fields": {"service": 3, "option": 3, "place": 1, "price": "500.00", "is_included": false}}, {"model": "cleaning.serviceoption", "pk": 76, "fields": {"service": 3, "option": 9, "place": 1, "price": "800.00", "is_included": false}}, {"model": "cleaning.serviceoption", "pk": 77, "fields": {"service": 3, "option": 34, "place": 1, "price": "800.00", "is_included": false}}, {"model": "cleaning.serviceoption", "pk": 78, "fields": {"service": 3, "option": 10, "place": 1, "price": "1700.00", "is_included": false}}, {"model": "cleaning.serviceoption", "pk": 79, "fields": {"service": 3, "option": 15, "place": 1, "price": "1000.00", "is_included": false}}, {"model": "cleaning.serviceoption", "pk": 80, "fields": {"service": 3, "option": 16, "place": 2, "price": "250.00", "is_included": true}}, {"model": "cleaning.serviceoption", "pk": 81, "fields": {"service": 3, "option": 17, "place": 2, "price": "250.00", "is_included": true}}, {"model": "cleaning.serviceoption", "pk": 82, "fields": {"service": 3, "option": 18, "place": 2, "price": "250.00", "is_included": true}}, {"model": "cleaning.serviceoption", "pk": 83, "fields": {"service": 3, "option": 19, "place": 2, "price": "250.00", "is_included": true}}, {"model": "cleaning.serviceoption", "pk": 84, "fields": {"service": 3, "option": 35, "place": 2, "price": "250.00", "is_included": true}}, {"model": "cleaning.serviceoption", "pk": 85, "fields": {"service": 3, "option": 23, "place": 2, "price": "250.00", "is_included": true}}, {"model": "cleaning.serviceoption", "pk": 86, "fields": {"service": 3, "option": 36, "place": 2, "price": "250.00", "is_included": true}}, {"model": "cleaning.serviceoption", "pk": 87, "fields": {"service": 3, "option": 37, "place": 2, "price": "250.00", "is_included": true}}, {"model": "cleaning.serviceoption", "pk": 88, "fields": {"service": 3, "option": 22, "place": 2, "price": "250.00", "is_included": true}}, {"model": "cleaning.serviceoption", "pk": 89, "fields": {"service": 3, "option": 20, "place": 2, "price": "500.00", "is_included": false}}, {"model": "cleaning.serviceoption", "pk": 90, "fields": {"service": 3, "option": 38, "place": 2, "price": "2000.00", "is_included": false}}, {"model": "cleaning.serviceoption", "pk": 91, "fields": {"service": 3, "option": 35, "place": 3, "price": "200.00", "is_included": true}}, {"model": "cleaning.serviceoption", "pk": 92, "fields": {"service": 3, "option": 39, "place": 3, "price": "250.00", "is_included": true}}, {"model": "cleaning.serviceoption", "pk": 93, "fields": {"service": 3, "option": 40, "place": 3, "price": "250.00", "is_included": true}}, {"model": "cleaning.serviceoption", "pk": 94, "fields": {"service": 3, "option": 24, "place": 3, "price": "250.00", "is_included": true}}, {"model": "cleaning.serviceoption", "pk": 95, "fields": {"service": 3, "option": 16, "place": 3, "price": "250.00", "is_included": true}}, {"model": "cleaning.serviceoption", "pk": 96, "fields": {"service": 3, "option": 25, "place": 3, "price": "250.00", "is_included": true}}, {"model": "cleaning.serviceoption", "pk": 97, "fields": {"service": 3, "option": 26, "place": 3, "price": "250.00", "is_included": true}}, {"model": "cleaning.serviceoption", "pk": 98, "fields": {"service": 3, "option": 41, "place": 3, "price": "500.00", "is_included": false}}, {"model": "cleaning.serviceoption", "pk": 99, "fields": {"service": 3, "option": 27, "place": 3, "price": "300.00", "is_included": false}}]
